Node ID,Degree of intersection,Density of each circle
circle8,0.1267028043696741842094142052,1.512605042016806722689075630
circle0,0.2163413936286944826672970238,1.2
circle4,0.2100124674694626560798737868,0.8888888888888888888888888889
circle3,0.1794302588710620235075320626,0.6288798920377867746288798920
circle5,0.1408599028184901967465907604,0.4774774774774774774774774775
circle1,0.2727207453622547962170603679,0.4166666666666666666666666667
circle6,0.07718901392341366238663501461,0.3643132112187486780320656542
circle2,0.1896150771154069510168830267,0.3157894736842105263157894737
circle7,0.1578786927751370369161484821,0.09686609686609686609686609687
